Adam Hart,27
Roy Skaria,26
Jack Lebron,22
Jonathan Doherty,22
Bill Donatelli,21
Deanra Eno,21
Bill Eplett,20
Beth Thompson,20
Carlos Meador,20
Liz MacKendrick,20
Sylvia Foulston,20
Justin Knight,19
Chuck Clark,19
Erin Creighton,18
Harold Dahlen,18
John Lee,18
Logan Haushalter,18
Ralph Kennedy,18
Victoria Pisteka,18
Sonia Sunley,17
Lisa DeCherney,17
Grant Thornton,17
Erica Bern,17
Dorothy Wardle,17
Doug Bickford,17
Christine Abelman,17
Alan Hwang,17
Cari MacIntyre,16
Lela Donovan,16
Pauline Chand,16
Ritsa Hightower,16
Mark Cousins,16
Maxwell Schwartz,16
Michael Grace,16
Steve Chapman,16
Sean O'Donnell,16
Shahid Shariari,15
Roy Collins,15
Rob Haberlin,15
Michelle Moray,15
Patrick Ryan,15
Karl Brown,15
Hilary Holden,15
Jeremy Lonsdale,15
Guy Armstrong,15
Grant Carroll,14
Alan Barnes,14
Aleksandra Gannaway,14
Helen Andreada,14
Sally Knutson,14
William Brown,14
Xylona Price,14
Tamara Willingham,13
James Lanier,13
Jas O'Carroll,13
John Dryer,13
Kelly Williams,13
Lauren Leatherbury,13
Neil Knudson,13
Nick Crebassa,13
Art Miller,13
Becky Pak,13
Cindy Schnelling,13
Damala Kotsonis,13
Darren Budd,13
Darren Powers,13
Dan Lawera,12
Dennis Pardue,12
Greg Guthrie,12
Dianna Vittorini,12
Caroline Jumper,12
Brendan Murry,12
Brian Moss,12
Art Ferguson,12
Astrea Jones,12
Adam Shillingsburg,12
Nona Balk,12
Peter Fuller,12
Melanie Page,12
Mitch Willingham,12
Marc Crier,12
Maria Zettner,12
Liz Price,12
Laurel Elliston,12
Juliana Krohn,12
Tamara Manning,12
Tracy Poddar,12
Sheri Gordon,12
Shaun Chance,11
Roy Phan,11
Robert Marley,11
Tanja Norvell,11
Theone Pippenger,11
Thomas Boland,11
Joy Smith,11
Jim Sink,11
Janet Martin,11
Liz Carlisle,11
Liz Pelletier,11
Ken Heidel,11
Luke Weiss,11
Lycoris Saunders,11
Maya Herman,11
Meg O'Connel,11
Matt Connell,11
Monica Federle,11
Rob Dowd,11
Paul Knutson,11
Paul Prost,11
Nathan Mautz,11
Bill Overfelt,11
Cindy Chapman,11
Evan Henry,11
Dave Hallsten,11
Cynthia Delaney,11
Christopher Schild,11
Chad Sievert,11
Dan Campbell,10
Giulietta Dortch,10
Giulietta Weimer,10
Guy Phonely,10
Edward Becker,10
Benjamin Patterson,10
Bruce Stewart,10
Alan Schoenberger,10
Alejandro Grove,10
Alice McCarthy,10
Andy Reiter,10
Ann Steele,10
Rick Duston,10
Philip Brown,10
Mike Kennedy,10
Max Engle,10
Jeremy Pistek,10
Jim Radford,10
Julia Barnett,10
Sung Shariari,10
Tony Molinari,10
Ruben Dartt,10
Sarah Foster,10
Sean Wendt,9
Rick Wilson,9
Valerie Dominguez,9
Thais Sissman,9
Susan MacKendrick,9
Tamara Dahlen,9
Stefania Perrino,9
Jason Fortune,9
Kean Thornton,9
Katherine Nockton,9
Kristen Hastings,9
Lynn Smith,9
Mike Pelletier,9
Quincy Jones,9
Ricardo Block,9
Arianne Irving,9
Barry Franz,9
Barry Weirich,9
Candace McMahon,9
Cari Sayre,9
Berenike Kampe,9
Bobby Odegard,9
Ellis Ballard,9
Duane Noonan,9
Guy Thornton,9
George Bell,9
Frank Atkinson,9
Dana Kaydos,9
Denny Joy,8
Cindy Stewart,8
Evan Bailliet,8
Carl Ludwig,8
Brendan Dodson,8
Brian DeCherney,8
Rick Hansen,8
Paul MacIntyre,8
Pete Takahito,8
Natalie Webber,8
Nick Radford,8
Mick Crebagga,8
Mitch Webber,8
Maureen Fritzler,8
Julie Kriz,8
Karen Carlisle,8
Jack Garza,8
Jamie Kunitz,8
Susan Vittorini,8
Tom Boeckenhauer,8
Ruben Ausman,8
Scot Coram,8
Shirley Jackson,8
Speros Goranitis,8
Stewart Visinsky,7
Tim Taslimi,7
Jane Waco,7
Julie Creighton,7
Katherine Ducich,7
Ken Dana,7
Lena Creighton,7
Michelle Lonsdale,7
Mike Caudle,7
Michael Kennedy,7
Paul Stevenson,7
Ricardo Emerson,7
Randy Ferguson,7
Ben Peterman,7
Brad Norvell,7
Brad Thomas,7
Bart Folk,7
Ann Chong,7
Anna Haberlin,7
Aaron Bergman,7
Andrew Allen,7
Alyssa Crouse,7
Fred Chung,7
Frank Merwin,7
Evan Minnotte,7
Don Weiss,7
Eugene Barchas,7
Craig Carroll,7
Charles McCrossin,7
Charles Sheldon,7
Christina Anderson,7
David Bremer,7
Dave Kipp,6
Dave Brooks,6
Dan Reichenbach,6
Cynthia Voltz,6
Corinna Mitchell,6
Eleni McCrary,6
Don Jones,6
Frank Price,6
Alan Dominguez,6
Bobby Trafton,6
Ben Ferrer,6
Bill Stewart,6
Carlos Daly,6
Paul Lucas,6
Nora Pelletier,6
Naresj Patel,6
Michael Moore,6
Michael Granlund,6
Max Ludwig,6
Luke Foster,6
Maria Bertelson,6
Lindsay Castell,6
Liz Willingham,6
Justin MacKendrick,6
Ted Trevino,6
Tom Stivers,6
Tracy Collins,6
Yana Sorensen,6
Ross Baird,6
Roland Fjeld,5
Robert Dilbeck,5
Saphhira Shifley,5
Shirley Schmidt,5
Sonia Cooley,5
Shirley Daniels,5
Sarah Bern,5
Vivek Grady,5
Toby Knight,5
Suzanne McNair,5
John Lucas,5
Helen Wasserman,5
Ivan Gibson,5
Jennifer Ferguson,5
Kelly Lampkin,5
Joy Daniels,5
Kean Nguyen,5
Justin Deggeller,5
Maribeth Schnelling,5
Marina Lichtenstein,5
Mary Zewe,5
Michelle Tran,5
Pauline Johnson,5
Brian Stugart,5
Alejandro Savely,5
Anthony Witt,5
Bart Watters,5
Arthur Wiediger,5
Dorris Love,5
Clay Rozendal,5
Chuck Magee,5
Deborah Brumfield,5
Daniel Raglin,4
Craig Yedwab,4
Arthur Gainer,4
Anthony O'Donnell,4
Adrian Hane,4
Amy Cox,4
Andy Yotov,4
Cathy Prescott,4
Carol Adams,4
Phillip Breyer,4
Neil French,4
Maurice Satty,4
Khloe Miller,4
Linda Cazamias,4
Liz Thompson,4
Janet Molinari,4
Hunter Glantz,4
Joel Jenkins,4
Kalyca Meade,4
Karen Bern,4
Julia West,3
John Grady,3
Joseph Airdo,3
Lindsay Williams,3
Larry Tron,3
Muhammed Lee,3
Randy Bradley,3
Pete Kriz,3
Rick Huthwaite,3
Bruce Money,3
Bryan Davis,3
Ann Blume,3
Anna Gayman,3
Erin Mull,3
Harry Greene,3
Heather Jas,3
Toby Braunhardt,3
Scot Wooten,3
Sara Luxemburg,3
Roger Barcio,3
Ross DeVincentis,3
Sally Matthias,2
Stewart Carmichael,2
Tiffany House,2
Ted Butterfield,2
Dean Braden,2
Carl Jackson,2
Nicole Hansen,2
Pamela Coakley,2
Paul Gonzalez,2
Paul Van Hugh,2
Katrina Edelman,2
Karen Ferguson,1
Keith Herrera,1
Laura Armstrong,1
Mitch Gastineau,1
Maureen Grace,1
Carol Triggs,1
Bryan Mills,1
Bradley Nguyen,1
Bradley Talbott,1
Anne Pryor,1
Alex Avila,1
Denise Leinenbach,1
Craig Carreira,1
Dorothy Dickinson,1
Vivian Mathis,1
Sandra Flanagan,1
